Theta,Distance,Z
259.0,0.0,0.0
264.9987,0.8325,0.0
265.995,1.6249,0.0
267.9885,2.479,0.0
265.9796,3.2961,0.0
269.9682,4.1467,0.0
266.9543,4.9393,0.0
265.9377,5.7563,0.0
265.9195,6.5454,0.0
265.8976,7.3807,0.0
267.8721,8.2778,0.0
267.8464,9.0726,0.0
265.8179,9.84,0.0
266.7849,10.7152,0.0
269.7491,11.636,0.0
267.7134,12.3909,0.0
266.6744,13.1825,0.0
266.6341,13.9737,0.0
266.5889,14.8113,0.0
266.541,15.6487,0.0
263.4991,16.2548,0.0
264.4447,17.1472,0.0
267.3826,18.1814,0.0
267.3274,18.9747,0.0
265.272,19.6666,0.0
265.2089,20.4998,0.0
266.1437,21.3667,0.0
265.0787,22.1195,0.0
264.0116,22.8659,0.0
264.9387,23.7384,0.0
265.8585,24.6629,0.0
265.7797,25.498,0.0
264.7077,26.1881,0.0
262.6345,26.8164,0.0
264.538,27.8507,0.0
264.4542,28.6355,0.0
265.3567,29.577,0.0
263.2755,30.1827,0.0
264.178,31.0805,0.0
265.0718,32.0303,0.0
263.9775,32.7398,0.0
263.8792,33.5229,0.0
263.7726,34.3517,0.0
263.6633,35.1802,0.0
263.5578,35.9623,0.0
261.4627,36.5135,0.0
261.3467,37.3348,0.0
263.2139,38.3987,0.0
263.0919,39.2255,0.0
262.9674,40.0518,0.0
261.8593,40.6784,0.0
260.7425,41.3442,0.0
262.5857,42.4826,0.0
262.4585,43.2615,0.0
260.3489,43.7543,0.0
261.1958,44.7409,0.0
262.0471,45.6874,0.0
261.9022,46.5104,0.0
259.7867,46.9771,0.0
260.6297,47.9286,0.0
261.4608,48.9311,0.0
260.3234,49.5652,0.0
259.1934,50.1474,0.0
259.0346,50.9614,0.0
258.8732,51.775,0.0
260.6785,52.9409,0.0
259.5315,53.5575,0.0
258.3832,54.1674,0.0
258.2214,54.9338,0.0
260.0024,56.167,0.0
258.8479,56.7693,0.0
260.6306,57.9713,0.0
258.4963,58.3495,0.0
260.2716,59.5624,0.0
260.0832,60.3797,0.0
258.9189,60.9673,0.0
259.7095,61.9673,0.0
258.5416,62.5478,0.0
258.3439,63.3597,0.0
261.0662,64.8492,0.0
257.952,64.9367,0.0
258.7157,65.9939,0.0
256.5823,66.2611,0.0
257.3403,67.32,0.0
257.1275,68.1281,0.0
254.9925,68.3727,0.0
257.6716,69.9595,0.0
258.4148,71.0337,0.0
256.276,71.2643,0.0
256.0509,72.0691,0.0
256.7849,73.1471,0.0
258.4886,74.4623,0.0
256.3333,74.7143,0.0
255.1382,75.2364,0.0
256.8304,76.5645,0.0
254.6738,76.7936,0.0
255.3878,77.885,0.0
253.2443,78.0533,0.0
255.862,79.7411,0.0
254.6564,80.244,0.0
254.4172,80.9992,0.0
251.3058,80.879,0.0
254.8542,82.9055,0.0
252.7071,83.037,0.0
252.4449,83.8305,0.0
254.0764,85.2594,0.0
254.7694,86.3338,0.0
255.443,87.4577,0.0
253.2769,87.606,0.0
251.1277,87.6977,0.0
251.794,88.8189,0.0
253.3977,90.2807,0.0
253.1287,91.0321,0.0
252.8415,91.8269,0.0
250.674,91.9322,0.0
250.4002,92.6755,0.0
251.0445,93.8118,0.0
251.6842,94.953,0.0
252.3359,96.0551,0.0
252.0329,96.8473,0.0
249.8628,96.9154,0.0
252.3679,98.7495,0.0
250.1962,98.8072,0.0
249.8845,99.5927,0.0
250.5158,100.7067,0.0
250.1982,101.4932,0.0
248.9526,101.8999,0.0
249.5735,103.0197,0.0
248.3255,103.4188,0.0
248.9213,104.5858,0.0
249.5307,105.714,0.0
247.3582,105.7114,0.0
247.9432,106.8838,0.0
247.625,107.619,0.0
245.4539,107.5935,0.0
236.8833,104.725,0.0
234.7447,104.6133,0.0
229.8543,103.3006,0.0
232.2611,105.2606,0.0
238.3149,108.8576,0.0
237.0635,109.1874,0.0
236.7193,109.9317,0.0
235.4864,110.2097,0.0
236.9477,111.8024,0.0
238.4014,113.4053,0.0
231.7516,111.0865,0.0
233.2022,112.6842,0.0
231.9481,112.9783,0.0
231.6118,113.666,0.0
230.3573,113.9497,0.0
229.1032,114.2266,0.0
232.3377,116.7013,0.0
231.0777,116.979,0.0
230.7091,117.7044,0.0
232.1377,119.3026,0.0
234.4257,121.4109,0.0
233.1565,121.6841,0.0
230.139,120.9794,0.0
233.2926,123.5742,0.0
231.1388,123.3648,0.0
230.7717,124.05,0.0
229.5016,124.2982,0.0
229.1099,125.0186,0.0
231.3672,127.1426,0.0
227.4671,125.9314,0.0
228.817,127.6196,0.0
228.4374,128.2979,0.0
231.5146,130.9847,0.0
226.758,129.2356,0.0
233.3122,133.8896,0.0
235.4877,136.1233,0.0
239.3798,139.3783,0.0
235.5144,138.065,0.0
240.2461,141.8549,0.0
240.6588,143.1201,0.0
238.5171,142.8061,0.0
239.78,144.5875,0.0
238.4699,144.821,0.0
238.8923,146.0495,0.0
238.4323,146.7993,0.0
238.8198,148.0746,0.0
237.5311,148.253,0.0
237.0642,148.9985,0.0
236.5949,149.7426,0.0
237.8364,151.5185,0.0
238.2009,152.8049,0.0
238.5597,154.095,0.0
236.4246,153.712,0.0
235.9406,154.454,0.0
237.1241,156.2951,0.0
235.826,156.4452,0.0
234.5018,156.6299,0.0
235.6682,158.4819,0.0
236.0251,159.7409,0.0
233.0429,158.7923,0.0
235.0167,161.2207,0.0
235.3603,162.4855,0.0
235.6698,163.7948,0.0
232.696,162.8145,0.0
232.2119,163.5042,0.0
232.513,164.8112,0.0
230.366,164.3791,0.0
229.8773,165.0619,0.0
226.1158,163.4401,0.0
222.3668,161.7962,0.0
203.328,148.8681,0.0
199.6393,147.133,0.0
117.2569,86.9874,0.0
96.163,71.7822,0.0
51.9659,39.0455,0.0
55.0333,41.6214,0.0
46.1559,35.1232,0.0
40.4881,31.0115,0.0
40.3905,31.1386,0.0
37.9274,29.4195,0.0
34.6819,27.077,0.0
35.3878,27.7975,0.0
35.3003,27.9085,0.0
29.735,23.6607,0.0
30.4453,24.3738,0.0
31.1473,25.0968,0.0
32.6217,26.4542,0.0
29.4437,24.0223,0.0
33.2323,27.2876,0.0
28.5213,23.5698,0.0
36.9098,30.6866,0.0
37.5801,31.4442,0.0
37.4811,31.5621,0.0
34.3353,29.0876,0.0
28.917,24.6538,0.0
29.5983,25.3957,0.0
29.5228,25.4834,0.0
33.9722,29.5108,0.0
28.6092,25.0102,0.0
28.5349,25.095,0.0
37.442,33.1375,0.0
33.6039,29.9295,0.0
35.7493,32.031,0.0
36.3912,32.8128,0.0
35.5474,32.255,0.0
38.4058,35.057,0.0
39.0319,35.854,0.0
38.1848,35.2976,0.0
54.1906,50.3923,0.0
210.2867,196.7828,0.0
221.3157,208.4115,0.0
218.5184,207.0041,0.0
217.867,207.6896,0.0
220.1,211.1421,0.0
219.4726,211.7942,0.0
217.3713,211.0893,0.0
218.1375,213.169,0.0
217.5041,213.8153,0.0
218.2531,215.9041,0.0
217.5738,216.5887,0.0
215.517,215.8181,0.0
218.3598,220.0432,0.0
215.561,218.592,0.0
216.3115,220.6588,0.0
218.4084,224.2025,0.0
214.2253,221.2951,0.0
213.5678,221.9297,0.0
213.5606,223.3223,0.0
213.5469,224.717,0.0
212.1925,224.6227,0.0
214.9078,228.9337,0.0
213.5054,228.8764,0.0
212.8254,229.5089,0.0
212.781,230.9118,0.0
212.7298,232.3166,0.0
210.6933,231.4678,0.0
214.6608,237.3199,0.0
210.5718,234.2745,0.0
209.2095,234.1525,0.0
209.8007,236.3042,0.0
211.042,239.2118,0.0
209.672,239.0851,0.0
210.2338,241.2504,0.0
208.8202,241.1537,0.0
208.7562,242.5301,0.0
208.6432,243.9447,0.0
207.8758,244.599,0.0
206.5038,244.4508,0.0
208.3065,248.162,0.0
206.8853,248.0473,0.0
209.9778,253.2791,0.0
204.7304,248.5346,0.0
204.582,249.9504,0.0
205.1017,252.1077,0.0
199.9081,247.307,0.0
203.5136,253.3914,0.0
189.0355,236.8007,0.0
187.0478,235.8265,0.0
180.1165,228.5587,0.0
183.7539,234.6029,0.0
183.6301,235.9682,0.0
189.6162,245.2462,0.0
181.5759,236.2926,0.0
188.7214,247.1948,0.0
184.3179,243.006,0.0
182.9941,242.7533,0.0
351.8729,469.8451,0.0
182.6591,245.5028,0.0
47.5634,64.3252,0.0
169.3158,230.4955,0.0
36.5477,50.0826,0.0
36.3989,50.1908,0.0
38.5792,53.5504,0.0
32.5909,45.5393,0.0
35.9331,50.5254,0.0
32.3121,45.7376,0.0
35.6149,50.7502,0.0
32.0322,45.9341,0.0
34.1654,49.3227,0.0
35.1439,51.0774,0.0
34.9922,51.1815,0.0
30.8987,45.5002,0.0
34.67,51.4003,0.0
31.1769,46.5188,0.0
32.693,49.1138,0.0
34.193,51.7188,0.0
31.2943,47.641,0.0
32.2373,49.4142,0.0
31.5381,48.6759,0.0
33.5586,52.1327,0.0
32.3174,50.5528,0.0
31.6225,49.8098,0.0
29.3407,46.5202,0.0
31.8484,50.8496,0.0
27.9915,45.0053,0.0
29.4347,47.6403,0.0
28.762,46.8802,0.0
28.6146,46.9703,0.0
27.9573,46.1994,0.0
29.8722,49.7157,0.0
27.1542,45.5154,0.0
28.0386,47.3164,0.0
27.8898,47.4042,0.0
28.2451,48.3551,0.0
25.5924,44.1138,0.0
27.4501,47.6602,0.0
26.8039,46.8781,0.0
27.1585,47.827,0.0
27.4991,48.7832,0.0
26.3691,47.124,0.0
27.6863,49.8244,0.0
26.5637,48.1598,0.0
27.3727,49.9973,0.0
27.7019,50.9569,0.0
26.1171,48.4035,0.0
26.9091,50.2484,0.0
23.943,45.0303,0.0
26.1349,49.5274,0.0
23.6596,45.1799,0.0
24.9093,47.9116,0.0
25.6757,49.767,0.0
25.0635,48.9573,0.0
24.012,47.2485,0.0
24.3137,48.2166,0.0
25.0658,50.077,0.0
24.4635,49.2599,0.0
22.5408,45.7484,0.0
23.7229,48.5101,0.0
23.5703,48.5844,0.0
22.9839,47.7571,0.0
22.4111,46.9227,0.0
23.1199,48.8003,0.0
23.8171,50.6828,0.0
19.0178,40.7839,0.0
18.8896,40.8434,0.0
22.0965,48.1741,0.0
22.7819,50.0598,0.0
20.9791,46.4852,0.0
21.2415,47.4637,0.0
21.1005,47.5265,0.0
20.1453,45.7621,0.0
21.2015,48.5746,0.0
20.66,47.7196,0.0
19.3267,45.0275,0.0
19.9682,46.9283,0.0
19.4401,46.0661,0.0
18.9094,45.2044,0.0
19.5333,47.111,0.0
19.0132,46.2439,0.0
17.7357,43.5252,0.0
19.4711,48.217,0.0
19.6997,49.2029,0.0
18.8075,47.4055,0.0
19.0243,48.395,0.0
19.2437,49.383,0.0
18.3681,47.5774,0.0
18.5758,48.5689,0.0
18.4316,48.6238,0.0
17.9273,47.7453,0.0
17.7772,47.8014,0.0
17.6353,47.8539,0.0
16.7992,46.0303,0.0
18.014,49.8447,0.0
16.5177,46.1321,0.0
15.0361,42.4136,0.0
15.8963,45.2914,0.0
16.4186,47.2274,0.0
17.2464,50.1155,0.0
17.0888,50.1694,0.0
16.3007,48.3248,0.0
17.0987,51.2214,0.0
15.9967,48.4263,0.0
16.7855,51.3249,0.0
15.3927,47.5717,0.0
15.8529,49.5246,0.0
17.2161,54.3379,0.0
16.1482,51.529,0.0
15.6902,50.6243,0.0
15.8331,51.6267,0.0
15.3807,50.7192,0.0
15.2212,50.7672,0.0
15.0706,50.8122,0.0
14.9108,50.8593,0.0
14.751,50.9059,0.0
14.3244,49.9881,0.0
14.9846,52.9194,0.0
14.0101,50.0771,0.0
14.3945,52.0461,0.0
13.9674,51.1264,0.0
13.0252,48.2736,0.0
13.6549,51.2108,0.0
13.4939,51.2534,0.0
13.5844,52.2634,0.0
13.4293,52.3035,0.0
12.7736,50.4067,0.0
12.3726,49.4765,0.0
12.9449,52.4255,0.0
11.3601,46.6363,0.0
12.3816,51.5334,0.0
11.7672,49.6239,0.0
12.0666,51.6081,0.0
11.9044,51.6458,0.0
11.5294,50.7058,0.0
11.8073,52.6933,0.0
10.995,49.8007,0.0
10.8472,49.8331,0.0
11.1098,51.8225,0.0
10.5338,49.9003,0.0
10.3857,49.9313,0.0
10.0282,48.984,0.0
11.2567,55.8774,0.0
9.5343,48.0635,0.0
9.5747,49.0747,0.0
9.7973,51.0687,0.0
9.0893,48.1496,0.0
9.4852,51.1276,0.0
9.6831,53.1247,0.0
9.3491,52.1689,0.0
8.4919,48.2585,0.0
8.6807,50.2558,0.0
9.0334,53.2391,0.0
7.3884,44.3893,0.0
8.2154,50.334,0.0
8.3824,52.3329,0.0
7.5977,48.4074,0.0
7.5975,49.4194,0.0
7.3019,48.4529,0.0
7.2955,49.4649,0.0
6.8545,47.5081,0.0
7.2729,51.4889,0.0
6.5641,47.549,0.0
6.5484,48.5605,0.0
6.4043,48.5797,0.0
6.5068,50.5832,0.0
6.0989,48.619,0.0
5.9546,48.6368,0.0
6.0386,50.6412,0.0
5.6489,48.6733,0.0
5.6168,49.6835,0.0
5.4607,49.7009,0.0
5.4106,50.7122,0.0
5.0538,48.7387,0.0
4.9007,48.7543,0.0
5.1351,52.7507,0.0
4.6967,49.7789,0.0
4.8127,52.781,0.0
4.1208,46.819,0.0
4.4902,52.8094,0.0
4.3243,52.8233,0.0
4.0799,51.8397,0.0
4.0015,52.8487,0.0
3.6184,49.8689,0.0
3.4617,49.88,0.0
3.38,50.8879,0.0
3.1569,49.9002,0.0
2.9402,48.9117,0.0
2.9091,50.917,0.0
2.803,51.9244,0.0
2.4876,48.9368,0.0
2.7248,56.9348,0.0
2.3226,51.9481,0.0
2.1594,51.9551,0.0
1.8895,48.9636,0.0
1.842,51.9674,0.0
1.6787,51.9729,0.0
1.4659,49.9785,0.0
1.3088,49.9829,0.0
1.207,51.986,0.0
1.0035,49.9899,0.0
0.8972,52.9924,0.0
0.7121,50.995,0.0
0.5735,52.9969,0.0
0.407,52.9984,0.0
0.2498,52.9994,0.0
0.0848,53.9999,0.0
-0.0833,52.9999,0.0
-0.245,53.9994,0.0
-0.407,52.9984,0.0
-0.6276,57.9966,0.0
-0.7445,53.9949,0.0
-0.8972,52.9924,0.0
-1.1239,55.9887,0.0
-1.29,55.9851,0.0
-1.4397,54.9812,0.0
-1.6711,56.9755,0.0
-1.8078,55.9708,0.0
-2.0191,56.9642,0.0
-2.1595,55.9583,0.0
-2.3255,55.9517,0.0
-2.5459,56.9431,0.0
-2.8204,58.9325,0.0
-2.8937,56.9265,0.0
-3.0726,56.9171,0.0
-3.1943,55.9088,0.0
-3.5402,58.8937,0.0
-3.5989,56.8863,0.0
-3.8439,57.8725,0.0
-4.0848,58.8584,0.0
-4.125,56.8505,0.0
-4.228,55.8402,0.0
-4.7075,59.815,0.0
-4.8138,58.8033,0.0
-5.0833,59.7843,0.0
-5.173,58.7728,0.0
-5.3576,58.7562,0.0
-5.4482,57.7435,0.0
-5.7164,58.7224,0.0
-6.2009,61.6891,0.0
-6.2915,60.6747,0.0
-6.2593,58.667,0.0
-6.7713,61.6291,0.0
-6.8525,60.6139,0.0
-6.917,59.6,0.0
-7.1042,59.5779,0.0
-7.6559,62.5331,0.0
-7.717,61.5179,0.0
-8.0378,62.4851,0.0
-7.7113,58.4939,0.0
-8.553,63.4259,0.0
-8.3419,60.4269,0.0
-8.3919,59.4102,0.0
-8.8537,61.3646,0.0
-9.3383,63.3151,0.0
-8.9411,59.3301,0.0
-9.5729,62.2684,0.0
-9.6134,61.2502,0.0
-9.8058,61.2197,0.0
-10.1485,62.1772,0.0
-10.3438,62.145,0.0
-10.3717,61.1263,0.0
-9.8722,57.1537,0.0
-10.9182,62.0467,0.0
-10.4075,58.0748,0.0
-10.9384,60.0113,0.0
-10.762,58.0102,0.0
-10.5732,56.0108,0.0
-10.551,54.9971,0.0
-11.6811,59.8711,0.0
-10.118,51.0061,0.0
-10.2693,50.9759,0.0
-10.2288,49.9637,0.0
-10.3857,49.9313,0.0
-6.1964,29.3531,0.0
-7.7559,36.178,0.0
-6.8061,31.2678,0.0
-5.8209,26.3651,0.0
-5.9037,26.3467,0.0
-9.7556,42.9049,0.0
-6.7383,29.2335,0.0
-7.9685,34.0808,0.0
-6.6911,28.2175,0.0
-4.4387,18.4743,0.0
-6.6267,27.2045,0.0
-6.4724,26.2127,0.0
-7.278,29.1038,0.0
-7.8607,31.0195,0.0
-7.4607,29.0575,0.0
-8.8047,33.8744,0.0
-8.4019,31.9125,0.0
-9.5326,35.7509,0.0
-7.8151,28.9642,0.0
-9.7508,35.692,0.0
-9.8629,35.6612,0.0
-10.2381,36.5948,0.0
-8.1734,28.8651,0.0
-10.1924,35.5685,0.0
-9.4629,32.6566,0.0
-8.1588,27.8287,0.0
-9.3836,31.6378,0.0
-9.7646,32.5677,0.0
-9.8668,32.5368,0.0
-9.969,32.5057,0.0
-8.5852,27.7001,0.0
-10.1674,32.4442,0.0
-11.1754,35.272,0.0
-10.6703,33.3339,0.0
-10.4671,32.3487,0.0
-9.947,30.4148,0.0
-10.9781,33.2337,0.0
-11.7158,35.0962,0.0
-12.4652,36.9543,0.0
-11.2851,33.1308,0.0
-11.3891,33.0951,0.0
-12.4781,35.8928,0.0
-12.2534,34.9121,0.0
-11.6948,32.9884,0.0
-13.1467,36.7174,0.0
-11.5562,31.9759,0.0
-11.3137,31.0,0.0
-11.7568,31.9026,0.0
-11.8514,31.8676,0.0
-11.6,30.894,0.0
-12.0514,31.7925,0.0
-12.1457,31.7566,0.0
-12.2454,31.7183,0.0
-11.6188,29.8161,0.0
-13.5365,34.4349,0.0
-12.5383,31.6037,0.0
-13.0092,32.4925,0.0
-13.1056,32.4537,0.0
-14.3395,35.1906,0.0
-14.0697,34.2205,0.0
-12.6392,30.4836,0.0
-13.5067,32.2888,0.0
-14.3857,34.0889,0.0
-12.5291,29.4452,0.0
-13.8048,32.1625,0.0
-13.9058,32.119,0.0
-14.001,32.0776,0.0
-13.6988,31.1182,0.0
-13.7911,31.0774,0.0
-15.1141,33.7722,0.0
-15.6315,34.6361,0.0
-13.6639,30.0383,0.0
-14.1751,30.9041,0.0
-14.6919,31.7671,0.0
-14.7861,31.7234,0.0
-14.8857,31.6767,0.0
-14.9851,31.6298,0.0
-15.9406,33.3901,0.0
-14.7444,30.6366,0.0
-17.4595,35.9884,0.0
-14.9313,30.546,0.0
-17.679,35.8811,0.0
-15.5677,31.3472,0.0
-14.7657,29.5122,0.0
-15.3086,30.3586,0.0
-15.4039,30.3104,0.0
-15.4938,30.2645,0.0
-16.0473,31.1044,0.0
-14.7611,28.3921,0.0
-12.9896,24.8046,0.0
-16.3343,30.9546,0.0
-15.4926,29.1373,0.0
-18.4115,34.3805,0.0
-15.1954,28.162,0.0
-14.3286,26.357,0.0
-16.8078,30.7001,0.0
-18.8361,34.1497,0.0
-16.0289,28.8457,0.0
-16.6028,29.6707,0.0
-16.6959,29.6184,0.0
-16.2951,28.6962,0.0
-15.8838,27.7796,0.0
-17.4682,30.3292,0.0
-17.5634,30.2742,0.0
-18.6619,31.9489,0.0
-15.2126,25.8568,0.0
-17.3329,29.2501,0.0
-18.9567,31.7749,0.0
-17.5113,29.1437,0.0
-17.6028,29.0885,0.0
-15.6079,25.6202,0.0
-17.2572,28.1281,0.0
-22.076,35.7302,0.0
-18.485,29.7205,0.0
-15.3934,24.5773,0.0
-17.6044,27.9121,0.0
-19.831,31.2367,0.0
-19.9291,31.1742,0.0
-16.238,25.2255,0.0
-17.4003,26.8557,0.0
-18.5774,28.476,0.0
-18.1178,27.5816,0.0
-13.7875,20.8544,0.0
-18.2859,27.4705,0.0
-16.7019,24.9208,0.0
-19.5718,29.0163,0.0
-18.5392,27.3001,0.0
-16.3673,23.9397,0.0
-19.2725,28.0102,0.0
-21.0687,30.4157,0.0
-18.3041,26.2481,0.0
-18.9563,27.0122,0.0
-14.4251,20.4186,0.0
-16.2278,22.8179,0.0
-16.2955,22.7697,0.0
-16.9515,23.5297,0.0
-19.9607,27.524,0.0
-18.8633,25.8491,0.0
-16.5764,22.566,0.0
-25.5653,34.5748,0.0
-19.1016,25.6735,0.0
-13.7872,18.4096,0.0
-10.8352,14.3735,0.0
-19.3383,25.4957,0.0
-13.3501,17.4864,0.0
-19.4981,25.3737,0.0
-16.515,21.3602,0.0
-19.6527,25.2541,0.0
-20.3486,25.9795,0.0
-15.4739,19.6356,0.0
-18.0212,22.7208,0.0
-14.3492,17.975,0.0
-18.7859,23.39,0.0
-12.5728,15.5539,0.0
-17.0392,20.9443,0.0
-15.2011,18.5722,0.0
-17.1668,20.8399,0.0
-12.7646,15.3969,0.0
-12.1697,14.591,0.0
-14.7872,17.6164,0.0
-17.4238,20.6255,0.0
-15.5421,18.2878,0.0
-17.5494,20.5187,0.0
-16.3091,18.9477,0.0
-17.6744,20.4111,0.0
-18.3955,21.1094,0.0
-21.7584,24.8107,0.0
-13.2315,14.9976,0.0
-12.6146,14.2082,0.0
-15.9905,17.897,0.0
-13.3696,14.8746,0.0
-16.7704,18.5406,0.0
-14.8091,16.2693,0.0
-13.5067,14.7503,0.0
-18.2965,19.8555,0.0
-12.9191,13.9319,0.0
-12.9604,13.8935,0.0
-17.1105,18.2272,0.0
-15.7943,16.7195,0.0
-15.8438,16.6726,0.0
-15.205,15.9,0.0
-16.6416,17.2932,0.0
-13.9107,14.3698,0.0
-17.4448,17.9075,0.0
-18.901,19.2809,0.0
-20.3624,20.6488,0.0
-16.9053,17.0356,0.0
-17.6653,17.69,0.0
-17.009,16.932,0.0
-17.7731,17.5818,0.0
-17.8282,17.5258,0.0
-17.8801,17.4729,0.0
-17.9349,17.4166,0.0
-19.4287,18.749,0.0
-15.8761,15.2299,0.0
-19.5429,18.63,0.0
-18.1494,17.193,0.0
-16.7443,15.768,0.0
-21.9049,20.4982,0.0
-13.9138,12.9386,0.0
-14.6865,13.576,0.0
-16.9384,15.5593,0.0
-20.68,18.8769,0.0
-16.2925,14.7835,0.0
-16.3389,14.7323,0.0
-18.6194,16.6828,0.0
-20.9091,18.6228,0.0
-22.4652,19.8825,0.0
-20.2748,17.8307,0.0
-21.0805,18.4286,0.0
-21.1383,18.3623,0.0
-12.8689,11.1082,0.0
-16.6965,14.3258,0.0
-21.3072,18.166,0.0
-19.0752,16.1598,0.0
-20.6529,17.3913,0.0
-17.6396,14.7595,0.0
-15.3791,12.7861,0.0
-18.5003,15.2885,0.0
-17.7754,14.5957,0.0
-18.596,15.1719,0.0
-21.7478,17.6362,0.0
-18.6884,15.0581,0.0
-15.613,12.4994,0.0
-22.6925,18.0569,0.0
-15.689,12.4038,0.0
-23.5919,18.5317,0.0
-21.2821,16.6154,0.0
-17.3834,13.484,0.0
-18.2178,14.0397,0.0
-15.8777,12.1614,0.0
-19.8948,15.1393,0.0
-17.5492,13.2675,0.0
-23.1848,17.4203,0.0
-21.6367,16.151,0.0
-24.097,17.8699,0.0
-16.0999,11.8656,0.0
-20.1714,14.7687,0.0
-23.4526,17.0581,0.0
-18.6404,13.4736,0.0
-22.744,16.3312,0.0
-21.9811,15.679,0.0
-22.8434,16.192,0.0
-14.7177,10.3629,0.0
-20.4838,14.3323,0.0
-18.8864,13.1264,0.0
-20.5735,14.2033,0.0
-19.7909,13.5765,0.0
-22.3126,15.2035,0.0
-19.0476,12.8914,0.0
-20.7454,13.9509,0.0
-22.4523,14.9965,0.0
-24.9992,16.5843,0.0
-18.3688,12.1074,0.0
-20.9167,13.6927,0.0
-20.1212,13.0819,0.0
-16.8,10.8518,0.0
-25.251,16.1984,0.0
-21.0848,13.4325,0.0
-16.8996,10.6959,0.0
-19.4731,12.2392,0.0
-21.2081,13.2369,0.0
-21.2473,13.1739,0.0
-18.734,11.5342,0.0
-21.3297,13.0401,0.0
-18.8041,11.4196,0.0
-15.4144,9.2949,0.0
-18.8755,11.3012,0.0
-20.6279,12.2674,0.0
-23.2496,13.7279,0.0
-19.8419,11.6319,0.0
-17.2837,10.0634,0.0
-16.4495,9.5086,0.0
-20.816,11.9455,0.0
-19.1137,10.8934,0.0
-16.5368,9.356,0.0
-20.0537,11.2628,0.0
-20.9603,11.6903,0.0
-24.4965,13.5618,0.0
-17.5278,9.632,0.0
-20.1898,11.017,0.0
-17.5863,9.5248,0.0
-17.6162,9.4695,0.0
-21.173,11.3006,0.0
-19.441,10.2978,0.0
-19.4733,10.2367,0.0
-19.5036,10.1789,0.0
-19.5355,10.1176,0.0
-20.4566,10.5133,0.0
-17.8154,9.0891,0.0
-17.8438,9.0331,0.0
-24.1274,12.119,0.0
-17.8987,8.924,0.0
-20.6156,10.1978,0.0
-17.0567,8.3708,0.0
-21.5766,10.5096,0.0
-19.8087,9.5716,0.0
-19.8387,9.5093,0.0
-19.8668,9.4504,0.0
-18.0876,8.5345,0.0
-19.9258,9.3254,0.0
-18.1394,8.4239,0.0
-21.7989,10.0402,0.0
-20.0112,9.1407,0.0
-18.2166,8.2557,0.0
-20.9788,9.4282,0.0
-17.3547,7.7341,0.0
-21.036,9.2999,0.0
-15.5698,6.825,0.0
-13.7569,5.9788,0.0
-15.6112,6.7297,0.0
-16.5519,7.0736,0.0
-18.4155,7.8018,0.0
-16.5948,6.9724,0.0
-15.6934,6.5358,0.0
-18.4869,7.6311,0.0
-16.6585,6.8186,0.0
-17.6065,7.1421,0.0
-17.6289,7.0868,0.0
-18.5788,7.4047,0.0
-16.7418,6.6116,0.0
-18.6249,7.2878,0.0
-15.8495,6.1476,0.0
-16.8022,6.4565,0.0
-18.6916,7.1152,0.0
-17.777,6.7067,0.0
-16.8612,6.3008,0.0
-16.8809,6.2478,0.0
-16.8994,6.1977,0.0
-18.7986,6.8273,0.0
-16.938,6.0914,0.0
-17.898,6.3767,0.0
-16.9749,5.9878,0.0
-16.9936,5.9344,0.0
-20.7914,7.1915,0.0
-20.8139,7.1262,0.0
-17.0478,5.777,0.0
-18.0129,6.0445,0.0
-18.0318,5.9879,0.0
-18.0505,5.9312,0.0
-14.2642,4.6402,0.0
-18.0864,5.8208,0.0
-20.9632,6.6741,0.0
-18.1216,5.7102,0.0
-18.1395,5.6533,0.0
-18.1571,5.5963,0.0
-17.2172,5.2507,0.0
-17.2336,5.1966,0.0
-17.2498,5.1424,0.0
-18.2242,5.374,0.0
-16.3208,4.7571,0.0
-17.2966,4.9826,0.0
-17.3113,4.9313,0.0
-14.439,4.064,0.0
-16.3785,4.5545,0.0
-16.392,4.5059,0.0
-16.4061,4.4544,0.0
-17.3859,4.6618,0.0
-16.433,4.3541,0.0
-14.5117,3.7962,0.0
-13.5553,3.5006,0.0
-14.5346,3.7075,0.0
-14.5462,3.6618,0.0
-13.5871,3.3751,0.0
-12.6258,3.0965,0.0
-14.5794,3.5271,0.0
-16.5358,3.9455,0.0
-13.6273,3.2088,0.0
-13.6373,3.166,0.0
-16.5716,3.7924,0.0
-16.5828,3.7432,0.0
-13.666,3.0397,0.0
-17.5828,3.853,0.0
-14.6618,3.1673,0.0
-17.606,3.7455,0.0
-17.6177,3.6902,0.0
-17.6286,3.6379,0.0
-17.6399,3.5825,0.0
-17.6511,3.527,0.0
-17.6615,3.4746,0.0
-17.6723,3.4191,0.0
-17.6829,3.3636,0.0
-16.7099,3.1272,0.0
-18.6867,3.4364,0.0
-19.6814,3.5554,0.0
-17.7227,3.1473,0.0
-18.7176,3.2634,0.0
-17.7421,3.0359,0.0
-18.7372,3.149,0.0
-17.7603,2.9275,0.0
-19.7438,3.1907,0.0
-17.7779,2.8189,0.0
-22.7274,3.5306,0.0
-21.7498,3.3088,0.0
-21.7595,3.2442,0.0
-18.801,2.7428,0.0
-19.7995,2.8249,0.0
-19.8078,2.7662,0.0
-19.8164,2.7039,0.0
-17.8423,2.3775,0.0
-19.8325,2.5828,0.0
-21.8246,2.7726,0.0
-17.8635,2.2124,0.0
-19.8556,2.3993,0.0
-18.8699,2.22,0.0
-18.8767,2.1607,0.0
-21.8646,2.4371,0.0
-18.8896,2.0454,0.0
-17.9014,1.8815,0.0
-17.9069,1.8284,0.0
-17.9126,1.7721,0.0
-21.8998,2.0971,0.0
-17.923,1.6627,0.0
-16.9322,1.5171,0.0
-17.9331,1.55,0.0
-17.9377,1.4968,0.0
-19.9359,1.6005,0.0
-17.9467,1.3841,0.0
-19.9453,1.4787,0.0
-19.9498,1.416,0.0
-19.9542,1.3533,0.0
-19.9581,1.2941,0.0
-21.9583,1.3546,0.0
-21.9624,1.2856,0.0
-22.9646,1.2759,0.0
-18.974,0.9944,0.0
-19.9758,0.984,0.0
-21.9765,1.0172,0.0
-17.9833,0.7757,0.0
-19.984,0.7991,0.0
-22.9843,0.8508,0.0
-18.9891,0.6432,0.0
-19.9906,0.6143,0.0
-18.9927,0.5272,0.0
-17.9945,0.4429,0.0
-18.9956,0.4079,0.0
-19.9966,0.37,0.0
-21.9974,0.3379,0.0
-18.9986,0.2321,0.0
-17.9992,0.1665,0.0
-16.9997,0.1038,0.0
-18.9999,0.0564,0.0
-23.0,0.0,0.0
-21.9999,-0.0691,0.0
-18.9996,-0.1194,0.0
-19.9991,-0.185,0.0
-17.9986,-0.223,0.0
-18.9977,-0.2951,0.0
-21.9962,-0.407,0.0
-19.9953,-0.4328,0.0
-21.9932,-0.5452,0.0
-19.9923,-0.5549,0.0
-19.9905,-0.6177,0.0
-19.9884,-0.6805,0.0
-19.9863,-0.7399,0.0
-18.9847,-0.7625,0.0
-17.9833,-0.7757,0.0
-19.9786,-0.9247,0.0
-21.9732,-1.0862,0.0
-17.9753,-0.942,0.0
-16.9738,-0.943,0.0
-17.9691,-1.055,0.0
-17.9658,-1.1083,0.0
-18.9602,-1.2294,0.0
-19.9539,-1.3568,0.0
-17.9548,-1.2744,0.0
-21.9398,-1.6266,0.0
-21.9346,-1.6955,0.0
-18.9391,-1.5205,0.0
-18.9342,-1.58,0.0
-17.9329,-1.5532,0.0
-21.9122,-1.9633,0.0
-18.9188,-1.755,0.0
-19.9086,-1.91,0.0
-18.9077,-1.8706,0.0
-17.9069,-1.8284,0.0
-21.8791,-2.3034,0.0
-14.9128,-1.6148,0.0
-18.8831,-2.1047,0.0
-19.8699,-2.2779,0.0
-19.863,-2.3369,0.0
-16.8772,-2.0394,0.0
-18.8555,-2.3386,0.0
-19.8405,-2.5205,0.0
-17.8493,-2.3246,0.0
-19.8243,-2.6451,0.0
-18.8256,-2.5687,0.0
-18.8174,-2.6279,0.0
-16.8291,-2.4041,0.0
-18.801,-2.7428,0.0
-19.7813,-2.9493,0.0
-18.7834,-2.8608,0.0
-17.7867,-2.7631,0.0
-22.7162,-3.602,0.0
-18.7561,-3.0345,0.0
-16.7737,-2.7648,0.0
-21.6957,-3.6462,0.0
-18.7272,-3.2078,0.0
-14.7771,-2.5764,0.0
-16.7381,-2.9725,0.0
-18.6968,-3.3809,0.0
-16.7196,-3.0747,0.0
-14.744,-2.7593,0.0
-16.7,-3.1797,0.0
-19.6359,-3.799,0.0
-18.6426,-3.6677,0.0
-19.6116,-3.9223,0.0
-18.6199,-3.7815,0.0
-17.6286,-3.6379,0.0
-17.617,-3.6932,0.0
-17.606,-3.7455,0.0
-18.5716,-4.0119,0.0
-17.5821,-3.856,0.0
-19.5229,-4.3424,0.0
-18.5337,-4.1835,0.0
-17.5457,-4.0185,0.0
-14.6114,-3.3921,0.0
-17.5208,-4.1256,0.0
-16.5351,-3.9484,0.0
-18.4673,-4.4677,0.0
-17.4819,-4.2875,0.0
-16.4979,-4.1012,0.0
-16.4857,-4.1501,0.0
-16.4725,-4.2019,0.0
-16.4593,-4.2536,0.0
-17.414,-4.5555,0.0
-19.3329,-5.1224,0.0
-18.3509,-4.924,0.0
-18.3362,-4.9784,0.0
-17.3562,-4.7709,0.0
-17.3411,-4.8254,0.0
-17.3268,-4.8769,0.0
-17.3113,-4.9313,0.0
-18.2566,-5.2626,0.0
-19.201,-5.5966,0.0
-14.3875,-4.2427,0.0
-18.2072,-5.4313,0.0
-17.2336,-5.1966,0.0
-17.2172,-5.2507,0.0
-18.1562,-5.5994,0.0
-18.1395,-5.6533,0.0
-17.1678,-5.4097,0.0
-17.1508,-5.4636,0.0
-20.9421,-6.7399,0.0
-18.068,-5.8776,0.0
-18.0495,-5.9344,0.0
-17.0827,-5.6727,0.0
-18.9609,-6.3626,0.0
-17.9938,-6.1011,0.0
-16.0835,-5.5066,0.0
-16.0661,-5.5571,0.0
-17.9366,-6.2673,0.0
-18.861,-6.6531,0.0
-20.724,-7.3836,0.0
-16.9369,-6.0943,0.0
-20.6785,-7.51,0.0
-18.7771,-6.8863,0.0
-18.7554,-6.9453,0.0
-17.7979,-6.6508,0.0
-20.5838,-7.7657,0.0
-17.7558,-6.7625,0.0
-22.4029,-8.6087,0.0
-23.3081,-9.0406,0.0
-21.4172,-8.3847,0.0
-20.4621,-8.0809,0.0
-21.3656,-8.5154,0.0
-23.1943,-9.3287,0.0
-17.6065,-7.1421,0.0
-21.2859,-8.7126,0.0
-18.4856,-7.6343,0.0
-21.2323,-8.8425,0.0
-21.2044,-8.9092,0.0
-18.4142,-7.805,0.0
-18.3909,-7.8596,0.0
-12.8563,-5.5421,0.0
-18.3412,-7.975,0.0
-17.4016,-7.6279,0.0
-18.2921,-8.0869,0.0
-18.2666,-8.1443,0.0
-18.2424,-8.1985,0.0
-18.2166,-8.2557,0.0
-20.0096,-9.1442,0.0
-17.2575,-7.9485,0.0
-18.1394,-8.4239,0.0
-19.9241,-9.3289,0.0
-22.6095,-10.6682,0.0
-20.7698,-9.88,0.0
-20.7387,-9.9452,0.0
-20.7091,-10.0067,0.0
-22.4756,-10.9475,0.0
-21.5434,-10.5773,0.0
-17.0303,-8.4243,0.0
-17.8987,-8.924,0.0
-16.0835,-8.0821,0.0
-16.0595,-8.1298,0.0
-17.8154,-9.0891,0.0
-19.5654,-10.0596,0.0
-17.7595,-9.1978,0.0
-22.1632,-11.5669,0.0
-15.9312,-8.3783,0.0
-23.8595,-12.6383,0.0
-16.762,-8.9463,0.0
-22.0181,-11.8407,0.0
-21.9829,-11.906,0.0
-16.6785,-9.101,0.0
-20.1551,-11.0803,0.0
-24.4965,-13.5618,0.0
-20.9603,-11.6903,0.0
-24.4108,-13.7155,0.0
-19.1478,-10.8333,0.0
-19.1137,-10.8934,0.0
-21.6811,-12.4471,0.0
-17.3153,-10.0091,0.0
-19.0121,-11.0698,0.0
-21.565,-12.6471,0.0
-21.5274,-12.711,0.0
-19.7684,-11.7563,0.0
-15.4419,-9.2491,0.0
-19.6962,-11.8768,0.0
-21.3683,-12.9768,0.0
-21.3274,-13.0439,0.0
-18.734,-11.5342,0.0
-19.5475,-12.12,0.0
-23.7505,-14.8294,0.0
-18.6265,-11.707,0.0
-22.8145,-14.4395,0.0
-23.6123,-15.0485,0.0
-24.4093,-15.6584,0.0
-14.28,-9.224,0.0
-15.9275,-10.3593,0.0
-20.9167,-13.6927,0.0
-16.6989,-11.0067,0.0
-19.1639,-12.718,0.0
-22.4523,-14.9965,0.0
-19.0858,-12.8348,0.0
-19.8734,-13.4553,0.0
-16.5279,-11.2619,0.0
-14.8432,-10.1824,0.0
-18.9253,-13.0703,0.0
-19.7076,-13.6971,0.0
-18.0257,-12.6124,0.0
-13.8983,-9.7896,0.0
-17.9484,-12.7223,0.0
-19.5363,-13.9403,0.0
-20.3046,-14.585,0.0
-17.8299,-12.8877,0.0
-16.1721,-11.767,0.0
-18.5553,-13.5904,0.0
-15.2949,-11.2723,0.0
-13.6532,-10.1287,0.0
-22.4351,-16.7531,0.0
-19.1874,-14.4168,0.0
-21.5348,-16.2866,0.0
-18.3008,-13.9313,0.0
-11.9083,-9.121,0.0
-15.8394,-12.2112,0.0
-23.7014,-18.3913,0.0
-14.9763,-11.6923,0.0
-18.0846,-14.2108,0.0
-15.6869,-12.4065,0.0
-19.5625,-15.5663,0.0
-17.1719,-13.7523,0.0
-19.4643,-15.6889,0.0
-17.8642,-14.4868,0.0
-15.4945,-12.646,0.0
-20.8638,-17.1377,0.0
-15.4169,-12.7404,0.0
-15.3768,-12.7888,0.0
-20.7074,-17.3264,0.0
-15.2984,-12.8825,0.0
-20.5981,-17.4561,0.0
-17.5024,-14.922,0.0
-20.4911,-17.5816,0.0
-18.922,-16.3388,0.0
-20.3833,-17.7065,0.0
-21.0805,-18.4286,0.0
-18.7701,-16.5131,0.0
-21.7164,-19.2198,0.0
-21.6559,-19.2879,0.0
-17.1272,-15.3512,0.0
-14.8536,-13.393,0.0
-17.7737,-16.1275,0.0
-21.4152,-19.5548,0.0
-16.9384,-15.5593,0.0
-16.1551,-14.9336,0.0
-17.5725,-16.3465,0.0
-21.1747,-19.8149,0.0
-16.0163,-15.0824,0.0
-18.1464,-17.1962,0.0
-12.3048,-11.73,0.0
-19.4843,-18.6913,0.0
-17.2671,-16.6688,0.0
-22.9567,-22.2933,0.0
-15.7345,-15.3761,0.0
-17.8251,-17.529,0.0
-16.3512,-16.1752,0.0
-15.5916,-15.521,0.0
-17.6622,-17.6931,0.0
-19.7228,-19.8749,0.0
-20.3624,-20.6488,0.0
-19.5976,-19.9984,0.0
-17.4448,-17.9075,0.0
-16.6929,-17.2438,0.0
-13.8655,-14.4134,0.0
-19.3518,-20.2363,0.0
-16.5327,-17.3974,0.0
-15.1048,-15.9952,0.0
-19.1638,-20.4145,0.0
-16.371,-17.5496,0.0
-21.7544,-23.468,0.0
-15.5859,-16.9139,0.0
-18.234,-19.9129,0.0
-16.1523,-17.7511,0.0
-16.0996,-17.799,0.0
-18.049,-20.0807,0.0
-17.9858,-20.1373,0.0
-18.5899,-20.9383,0.0
-18.5241,-20.9966,0.0
-16.4804,-18.7989,0.0
-19.0524,-21.8633,0.0
-21.6021,-24.9469,0.0
-16.3058,-18.9505,0.0
-20.7993,-24.3185,0.0
-16.1897,-19.0498,0.0
-18.7105,-22.1566,0.0
-14.7872,-17.6164,0.0
-18.5748,-22.2705,0.0
-15.3143,-18.479,0.0
-18.4385,-22.3836,0.0
-17.7347,-21.6675,0.0
-13.8808,-17.0682,0.0
-17.602,-21.7755,0.0
-15.0287,-18.712,0.0
-13.7224,-17.1958,0.0
-15.5355,-19.5869,0.0
-15.4739,-19.6356,0.0
-9.2473,-11.8105,0.0
-9.2122,-11.8379,0.0
-12.2333,-15.8223,0.0
-11.5744,-15.0677,0.0
-8.4955,-11.1277,0.0
-7.2519,-9.5609,0.0
-10.2309,-13.5768,0.0
-10.79,-14.4075,0.0
-7.76,-10.4299,0.0
-8.916,-12.0625,0.0
-10.6562,-14.5067,0.0
-10.6106,-14.5401,0.0
-11.1518,-15.383,0.0
-8.768,-12.1705,0.0
-7.5658,-10.5716,0.0
-5.2148,-7.3352,0.0
-2.885,-4.0837,0.0
-9.7654,-13.9154,0.0
-12.5809,-18.0477,0.0
-6.8331,-9.8645,0.0
-11.3368,-16.4766,0.0
-6.771,-9.9073,0.0
-9.5505,-14.0637,0.0
-6.7103,-9.9485,0.0
-11.1317,-16.6158,0.0
-3.8788,-5.8271,0.0
-7.1695,-10.8443,0.0
-10.4287,-15.8822,0.0
-8.1959,-12.5629,0.0
-7.0689,-10.9101,0.0
-15.6925,-24.3874,0.0
-18.8518,-29.4891,0.0
-9.6475,-15.1962,0.0
-12.7997,-20.3019,0.0
-11.6778,-18.6448,0.0
-10.0347,-16.134,0.0
-14.1877,-22.9719,0.0
-16.7342,-27.2757,0.0
-11.4458,-18.7881,0.0
-7.2461,-11.9789,0.0
-12.876,-21.4292,0.0
-7.6851,-12.8817,0.0
-3.5675,-6.0227,0.0
-17.241,-29.3044,0.0
-10.0875,-17.2697,0.0
-12.5415,-21.6266,0.0
-15.971,-27.7296,0.0
-10.9201,-19.0985,0.0
-15.7964,-27.8294,0.0
-15.7138,-27.8761,0.0
-17.0911,-30.5433,0.0
-13.1105,-23.6033,0.0
-6.7617,-12.2589,0.0
-2.4011,-4.3857,0.0
-10.5042,-19.3303,0.0
-13.296,-24.6418,0.0
-13.2185,-24.6834,0.0
-12.6716,-23.8418,0.0
-18.2011,-34.4923,0.0
-9.2783,-17.7176,0.0
-6.4558,-12.4227,0.0
-8.7114,-16.8852,0.0
-2.2785,-4.4507,0.0
-3.6232,-7.1325,0.0
-15.7589,-31.2515,0.0
-14.3183,-28.6179,0.0
-16.4515,-33.1413,0.0
-10.1654,-20.6316,0.0
-2.1958,-4.4921,0.0
-2.1817,-4.4989,0.0
-1.7346,-3.6043,0.0
-10.7707,-22.5609,0.0
-2.1399,-4.5189,0.0
-8.0808,-17.1959,0.0
-13.5187,-29.0042,0.0
-6.2942,-13.6156,0.0
-7.5045,-16.361,0.0
-6.2109,-13.6538,0.0
-3.7008,-8.2039,0.0
-8.9868,-20.0808,0.0
-7.3012,-16.4528,0.0
-12.8879,-29.29,0.0
-10.0007,-22.9126,0.0
-17.0774,-39.4634,0.0
-3.1541,-7.352,0.0
-10.963,-25.7646,0.0
-3.4978,-8.2925,0.0
-4.6289,-11.0713,0.0
-12.2562,-29.5599,0.0
-3.0408,-7.3996,0.0
-3.3947,-8.3352,0.0
-4.4933,-11.127,0.0
-4.4584,-11.1411,0.0
-11.0583,-27.8875,0.0
-8.7804,-22.3362,0.0
-9.0731,-23.2954,0.0
-6.1199,-15.8602,0.0
-2.8578,-7.4721,0.0
-10.2744,-27.1189,0.0
-4.5676,-12.1712,0.0
-14.64,-39.3658,0.0
-13.4794,-36.5965,0.0
-6.5108,-17.8496,0.0
-9.177,-25.3926,0.0
-3.3693,-9.4153,0.0
-8.3493,-23.5646,0.0
-2.6494,-7.5486,0.0
-9.1898,-26.449,0.0
-9.4319,-27.4233,0.0
-1.6122,-4.733,0.0
-13.4171,-39.7993,0.0
-5.6966,-17.0748,0.0
-11.9191,-36.0823,0.0
-6.8349,-20.9113,0.0
-8.923,-27.5931,0.0
-5.7924,-18.0955,0.0
-9.9617,-31.4605,0.0
-10.1617,-32.4459,0.0
-3.5525,-11.4621,0.0
-10.2564,-33.4635,0.0
-5.5106,-18.1833,0.0
-4.8823,-16.2838,0.0
-5.1153,-17.2579,0.0
-10.9656,-37.4267,0.0
-1.3916,-4.8024,0.0
-9.6356,-33.6475,0.0
-3.5396,-12.5088,0.0
-8.6216,-30.8167,0.0
-7.1927,-26.0243,0.0
-7.901,-28.9409,0.0
-1.3025,-4.8274,0.0
-11.3287,-42.5166,0.0
-6.8697,-26.1114,0.0
-8.05,-30.9709,0.0
-5.716,-22.2784,0.0
-12.2738,-48.4701,0.0
-7.0354,-28.1337,0.0
-10.3007,-41.748,0.0
-1.1825,-4.8582,0.0
-7.4757,-31.1145,0.0
-1.1528,-4.8653,0.0
-9.1068,-38.9495,0.0
-7.6368,-33.1312,0.0
-1.7724,-7.8012,0.0
-7.4342,-33.1773,0.0
-8.6235,-39.0594,0.0
-10.8385,-49.835,0.0
-6.0789,-28.3557,0.0
-3.9244,-18.5903,0.0
-6.5111,-31.3306,0.0
-1.0028,-4.8984,0.0
-0.9874,-4.9015,0.0
-10.1091,-51.0079,0.0
-2.4894,-12.7594,0.0
-0.942,-4.9105,0.0
-0.9266,-4.9134,0.0
-0.912,-4.9161,0.0
-2.1518,-11.8055,0.0
-4.0532,-22.64,0.0
-3.2928,-18.7125,0.0
-0.851,-4.927,0.0
-4.0107,-23.6625,0.0
-5.254,-31.5657,0.0
-5.638,-34.5429,0.0
-3.7917,-23.6986,0.0
-3.8764,-24.6976,0.0
-3.6468,-23.7213,0.0
-0.7442,-4.9443,0.0
-2.1887,-14.8395,0.0
-0.714,-4.9488,0.0
-0.9778,-6.9314,0.0
-4.3761,-31.6994,0.0
-2.2719,-16.8475,0.0
-0.6526,-4.9572,0.0
-2.4241,-18.8447,0.0
-2.3649,-18.8523,0.0
-5.218,-42.6822,0.0
-0.592,-4.9648,0.0
-2.0751,-17.88,0.0
-0.1122,-0.9937,0.0
-2.6211,-23.8564,0.0
-0.5305,-4.9718,0.0
-1.8534,-17.9043,0.0
-0.8001,-7.9599,0.0
-1.3564,-13.9341,0.0
-0.4688,-4.978,0.0
-1.5437,-16.9298,0.0
-2.455,-27.8922,0.0
-1.6909,-19.9284,0.0
-0.408,-4.9833,0.0
-0.5492,-6.9784,0.0
-0.5273,-6.9801,0.0
-1.2303,-16.9554,0.0
-1.9386,-27.9328,0.0
-0.3305,-4.9891,0.0
-1.0734,-16.9661,0.0
-0.42,-6.9874,0.0
-0.2843,-4.9919,0.0
-0.2695,-4.9927,0.0
-0.2538,-4.9936,0.0
-0.2381,-4.9943,0.0
-0.2233,-4.995,0.0
-0.9136,-21.981,0.0
-1.4203,-36.9727,0.0
-0.1417,-3.9975,0.0
-0.3228,-9.9948,0.0
-0.9617,-32.986,0.0
-0.0262,-0.9997,0.0
-0.2764,-11.9968,0.0
-0.199,-9.998,0.0
-0.2539,-14.9979,0.0
-0.5239,-37.9964,0.0
-0.2555,-23.9986,0.0
-0.0384,-4.9999,0.0
-0.0908,-19.9998,0.0
-0.0098,-7.0,0.0
0.0188,-12.0,0.0
0.0895,-18.9998,0.0
0.0393,-4.9998,0.0
0.0541,-4.9997,0.0
0.2094,-14.9985,0.0
0.3934,-22.9966,0.0
0.5017,-24.995,0.0
0.6963,-29.9919,0.0
0.6324,-23.9917,0.0
0.8502,-28.9875,0.0
0.1623,-4.9974,0.0
1.1391,-31.9797,0.0
1.1183,-28.9784,0.0
0.3753,-8.9922,0.0
0.3587,-7.992,0.0
0.4302,-8.9897,0.0
1.1717,-22.9701,0.0
0.5408,-9.9854,0.0
0.5704,-9.9837,0.0
1.6248,-26.9511,0.0
1.1396,-17.9639,0.0
0.3314,-4.989,0.0
0.347,-4.9879,0.0
1.4508,-19.9473,0.0
1.8875,-24.9286,0.0
2.1231,-26.9164,0.0
1.2265,-14.9498,0.0
1.1861,-13.9497,0.0
1.9327,-21.9149,0.0
1.7286,-18.9212,0.0
1.2211,-12.9425,0.0
1.3589,-13.9339,0.0
3.8071,-37.8088,0.0
3.4036,-32.824,0.0
1.9128,-17.8981,0.0
0.5461,-4.9701,0.0
2.1344,-18.8797,0.0
0.9237,-7.9465,0.0
0.9472,-7.9437,0.0
1.4583,-11.9111,0.0
1.6203,-12.8986,0.0
0.6379,-4.9591,0.0
2.3526,-17.8456,0.0
3.7468,-27.7482,0.0
2.5983,-18.8215,0.0
4.0561,-28.7149,0.0
4.2892,-29.6918,0.0
1.7509,-11.8716,0.0
2.6823,-17.799,0.0
1.9776,-12.8487,0.0
0.7753,-4.9395,0.0
2.8468,-17.7734,0.0
0.8063,-4.9346,0.0
2.9554,-17.7557,0.0
2.8438,-16.7604,0.0
3.0669,-17.7368,0.0
2.4263,-13.7882,0.0
2.9988,-16.7334,0.0
2.6923,-14.7564,0.0
1.4593,-7.8658,0.0
0.9275,-4.9132,0.0
2.6401,-13.7488,0.0
4.4044,-22.5744,0.0
5.2536,-26.484,0.0
0.9883,-4.9014,0.0
4.4124,-21.553,0.0
4.8874,-23.4971,0.0
4.9612,-23.4816,0.0
1.0481,-4.8889,0.0
1.0634,-4.8856,0.0
4.0994,-18.5525,0.0
2.6239,-11.7096,0.0
3.9909,-17.552,0.0
0.8991,-3.8976,0.0
3.4151,-14.6061,0.0
6.9219,-29.1905,0.0
5.8446,-24.3072,0.0
1.1833,-4.858,0.0
4.0752,-16.5043,0.0
6.7975,-27.1624,0.0
6.1411,-24.234,0.0
2.2382,-8.7172,0.0
3.776,-14.517,0.0
2.0368,-7.7364,0.0
4.6375,-17.3923,0.0
7.2988,-27.032,0.0
1.3177,-4.8232,0.0
5.0647,-18.3125,0.0
5.1223,-18.2965,0.0
3.2694,-11.546,0.0
7.9886,-27.878,0.0
3.3419,-11.5253,0.0
5.6267,-19.1922,0.0
5.1183,-17.257,0.0
4.3104,-14.3673,0.0
1.451,-4.7848,0.0
7.0369,-22.9452,0.0
7.109,-22.923,0.0
5.9808,-19.0848,0.0
6.0407,-19.0659,0.0
5.7956,-18.0945,0.0
7.6964,-23.7858,0.0
3.1084,-9.5046,0.0
5.6489,-17.0906,0.0
3.1664,-9.4854,0.0
1.5981,-4.7377,0.0
4.8389,-14.1981,0.0
6.1827,-17.9659,0.0
5.9107,-17.0019,0.0
8.2834,-23.5878,0.0
8.3534,-23.5631,0.0
1.6855,-4.7074,0.0
8.5013,-23.5102,0.0
3.4284,-9.3939,0.0
6.2242,-16.8896,0.0
4.8823,-13.1211,0.0
1.7576,-4.6809,0.0
1.7723,-4.6754,0.0
10.3643,-27.0847,0.0
6.843,-17.7249,0.0
1.8154,-4.6588,0.0
8.0523,-20.4734,0.0
9.2193,-23.238,0.0
8.9206,-22.2805,0.0
1.873,-4.6359,0.0
7.1698,-17.5953,0.0
4.9434,-12.0234,0.0
4.9812,-12.0078,0.0
4.6309,-11.0705,0.0
1.5552,-3.6853,0.0
1.9585,-4.6005,0.0
5.9163,-13.7839,0.0
4.7677,-11.0122,0.0
6.8032,-15.5794,0.0
2.0145,-4.5762,0.0
11.3618,-25.5912,0.0
9.3989,-20.9919,0.0
6.993,-15.4951,0.0
2.0711,-4.5509,0.0
5.0049,-10.9065,0.0
7.1361,-15.4297,0.0
11.8333,-25.3766,0.0
3.4024,-7.2404,0.0
3.8533,-8.1334,0.0
2.1549,-4.5118,0.0
4.3366,-9.0108,0.0
8.2933,-17.0945,0.0
7.4683,-15.2717,0.0
10.1654,-20.6316,0.0
2.224,-4.4782,0.0
4.0284,-8.0481,0.0
9.0051,-17.858,0.0
9.0611,-17.8296,0.0
5.4703,-10.6806,0.0
7.7944,-15.1079,0.0
6.9193,-13.3088,0.0
10.6736,-20.3734,0.0
2.3335,-4.4221,0.0
9.3894,-17.659,0.0
2.3612,-4.4073,0.0
7.1228,-13.2009,0.0
8.1195,-14.9356,0.0
11.0487,-20.1724,0.0
9.6595,-17.5127,0.0
2.4286,-4.3706,0.0
7.327,-13.0887,0.0
11.7853,-20.9071,0.0
1.9752,-3.4783,0.0
2.4826,-4.3401,0.0
9.4828,-16.4644,0.0
3.5127,-6.0548,0.0
2.0181,-3.4536,0.0
9.1276,-15.5141,0.0
2.549,-4.3015,0.0
2.5625,-4.2935,0.0
12.876,-21.4292,0.0
17.085,-28.233,0.0
9.3674,-15.3705,0.0
19.8719,-32.3899,0.0
14.7174,-23.8201,0.0
7.9244,-12.736,0.0
9.5545,-15.2549,0.0
5.3347,-8.4582,0.0
6.9696,-10.9738,0.0
7.0021,-10.9531,0.0
7.5778,-11.7719,0.0
13.5977,-20.9786,0.0
4.9175,-7.5378,0.0
14.8236,-22.5668,0.0
13.7911,-20.852,0.0
14.9612,-22.4758,0.0
16.7019,-24.9208,0.0
10.6274,-15.7499,0.0
14.0449,-20.6819,0.0
10.159,-14.8591,0.0
11.3396,-16.4746,0.0
24.4852,-35.3479,0.0
18.3041,-26.2481,0.0
22.4085,-31.9196,0.0
9.809,-13.8846,0.0
27.2396,-38.3015,0.0
7.5676,-10.5703,0.0
19.2896,-26.7752,0.0
8.8062,-12.1429,0.0
14.1509,-19.3844,0.0
19.5364,-26.5956,0.0
13.6745,-18.4935,0.0
14.3296,-19.2526,0.0
8.9916,-12.0063,0.0
16.8547,-22.3589,0.0
22.9695,-30.2721,0.0
16.3842,-21.4606,0.0
10.9677,-14.2727,0.0
18.3541,-23.7303,0.0
14.1254,-18.1514,0.0
23.4317,-29.9158,0.0
21.6683,-27.4861,0.0
27.964,-35.2564,0.0
24.9552,-31.2608,0.0
8.1423,-10.1342,0.0
14.4588,-17.887,0.0
20.1946,-24.8229,0.0
17.1049,-20.8907,0.0
23.5249,-28.5583,0.0
8.297,-10.008,0.0
24.3445,-29.1778,0.0
27.6456,-32.9351,0.0
28.3943,-33.612,0.0
19.4316,-22.8563,0.0
25.3492,-29.6381,0.0
18.2662,-21.2214,0.0
19.6422,-22.6756,0.0
31.5351,-36.1876,0.0
22.4178,-25.5626,0.0
25.1448,-28.4911,0.0
24.5653,-27.6685,0.0
22.6533,-25.3541,0.0
22.0642,-24.5392,0.0
18.112,-20.0239,0.0
29.6182,-32.5386,0.0
28.3694,-30.9706,0.0
22.3623,-24.2678,0.0
19.7186,-21.2644,0.0
32.0659,-34.3624,0.0
22.5859,-24.0599,0.0
35.7088,-37.8006,0.0
30.3154,-31.89,0.0
29.0277,-30.3545,0.0
34.6701,-36.0276,0.0
22.9527,-23.7102,0.0
34.1917,-35.0988,0.0
24.5013,-24.9937,0.0
24.5754,-24.9209,0.0
26.0623,-26.2632,0.0
24.0248,-24.0584,0.0
28.3484,-28.22,0.0
31.9915,-31.6472,0.0
22.8201,-22.4331,0.0
12.8737,-12.5805,0.0
25.1089,-24.3833,0.0
32.3812,-31.2483,0.0
24.5357,-23.5372,0.0
28.9524,-27.5999,0.0
34.8468,-33.0106,0.0
29.1205,-27.4226,0.0
28.4763,-26.6477,0.0
32.2214,-29.963,0.0
38.9191,-35.9764,0.0
28.7216,-26.3831,0.0
25.8501,-23.5961,0.0
28.8822,-26.2072,0.0
28.2217,-25.4467,0.0
35.0045,-31.3637,0.0
38.0845,-33.9201,0.0
41.1862,-36.4513,0.0
43.5533,-38.3029,0.0
27.8564,-24.3521,0.0
30.1975,-26.2318,0.0
43.9057,-37.8984,0.0
46.2948,-39.7215,0.0
42.6145,-36.3319,0.0
46.5434,-39.4298,0.0
39.7759,-33.4944,0.0
44.4826,-37.2196,0.0
44.5993,-37.0797,0.0
51.6467,-42.6804,0.0
33.2323,-27.2876,0.0
41.841,-34.1369,0.0
37.2819,-30.2334,0.0
34.262,-27.6065,0.0
37.4711,-29.9986,0.0
36.7775,-29.2646,0.0
33.7314,-26.6682,0.0
35.3878,-27.7975,0.0
38.6231,-30.1539,0.0
34.7668,-26.9679,0.0
43.5642,-33.5732,0.0
43.6636,-33.4438,0.0
46.9516,-35.7287,0.0
23.133,-17.489,0.0
43.1717,-32.4378,0.0
33.657,-25.1238,0.0
16.0647,-11.9133,0.0
18.5149,-13.6454,0.0
26.6263,-19.4946,0.0
31.5397,-22.9401,0.0
26.7449,-19.3316,0.0
27.6178,-19.8308,0.0
20.3529,-14.5176,0.0
19.58,-13.8788,0.0
28.6177,-20.1502,0.0
233.5439,-163.347,0.0
254.5563,-176.9212,0.0
256.7567,-177.2569,0.0
256.4876,-175.8838,0.0
255.3555,-173.9959,0.0
258.3853,-174.8743,0.0
253.954,-170.7143,0.0
256.1225,-171.0709,0.0
259.1586,-171.9239,0.0
256.3573,-168.9081,0.0
256.8573,-168.1467,0.0
258.2227,-167.8841,0.0
264.6295,-170.8691,0.0
259.2434,-166.3035,0.0
256.391,-163.3391,0.0
257.748,-163.0674,0.0
256.5373,-161.2377,0.0
260.4359,-162.5489,0.0
260.0953,-161.2031,0.0
259.7209,-159.9064,0.0
259.3688,-158.568,0.0
259.0109,-157.2335,0.0
265.4707,-160.079,0.0
259.9665,-155.6484,0.0
261.3138,-155.3419,0.0
260.9125,-154.0574,0.0
259.6698,-152.2255,0.0
261.8753,-152.415,0.0
259.729,-150.136,0.0
263.6688,-151.3102,0.0
262.405,-149.4911,0.0
262.8474,-148.7119,0.0
259.8257,-145.9267,0.0
262.9032,-146.5705,0.0
264.2118,-146.2742,0.0
264.67,-145.4434,0.0
262.4919,-143.1747,0.0
262.9156,-142.3952,0.0
262.4808,-141.0951,0.0
262.0405,-139.7991,0.0
263.3378,-139.489,0.0
264.6599,-139.1264,0.0
263.3224,-137.3692,0.0
264.6168,-137.0472,0.0
265.9355,-136.6723,0.0
262.7768,-134.0648,0.0
266.7654,-135.0452,0.0
262.7203,-131.9622,0.0
262.2158,-130.736,0.0
262.6252,-129.9115,0.0
265.7252,-130.4075,0.0
265.2119,-129.1806,0.0
263.8157,-127.4767,0.0
266.9201,-127.944,0.0
266.3955,-126.7219,0.0
264.0792,-124.6042,0.0
266.2807,-124.6217,0.0
264.8354,-122.9887,0.0
263.4039,-121.3194,0.0
263.7837,-120.4913,0.0
262.3184,-118.8825,0.0
264.5148,-118.8777,0.0
263.9736,-117.639,0.0
263.4069,-116.451,0.0
267.4349,-117.2287,0.0
266.8847,-115.9894,0.0
265.3911,-114.4053,0.0
263.9101,-112.785,0.0
263.3423,-111.5653,0.0
264.5941,-111.1708,0.0
270.4809,-112.6457,0.0
268.0604,-110.6508,0.0
269.3131,-110.2338,0.0
266.8781,-108.2594,0.0
267.2168,-107.4205,0.0
270.3212,-107.7379,0.0
269.7282,-106.5208,0.0
270.0616,-105.6729,0.0
268.5093,-104.1479,0.0
269.7686,-103.6625,0.0
268.2238,-102.103,0.0
269.4611,-101.6597,0.0
268.8425,-100.4626,0.0
267.2811,-98.9233,0.0
270.39,-99.1628,0.0
268.8203,-97.6301,0.0
270.0667,-97.1235,0.0
268.4697,-95.6506,0.0
270.655,-95.472,0.0
267.1772,-93.3025,0.0
269.343,-93.1631,0.0
270.5804,-92.6404,0.0
268.0288,-90.827,0.0
268.2971,-90.0314,0.0
270.4767,-89.8184,0.0
270.7576,-88.9682,0.0
269.1185,-87.5458,0.0
269.3922,-86.6999,0.0
271.5689,-86.4599,0.0
269.9167,-85.0526,0.0
270.1826,-84.2042,0.0
268.5345,-82.7659,0.0
268.7789,-81.9688,0.0
270.95,-81.7014,0.0
271.2053,-80.8498,0.0
270.4848,-79.7619,0.0
267.8539,-78.0723,0.0
269.0588,-77.5072,0.0
267.3641,-76.1607,0.0
267.602,-75.3203,0.0
269.7642,-75.0151,0.0
269.9856,-74.2144,0.0
269.2524,-73.1038,0.0
268.5148,-71.9986,0.0
271.6272,-71.9699,0.0
272.8194,-71.3693,0.0
271.1058,-70.0118,0.0
270.3434,-68.9599,0.0
268.6192,-67.622,0.0
270.7713,-67.2599,0.0
269.0272,-65.9799,0.0
270.2052,-65.3695,0.0
268.4638,-64.0561,0.0
268.6527,-63.2593,0.0
270.7983,-62.8673,0.0
270.9944,-62.0162,0.0
271.1773,-61.2119,0.0
269.4159,-59.9254,0.0
270.5797,-59.2928,0.0
269.777,-58.2786,0.0
268.0025,-57.0146,0.0
270.1378,-56.5824,0.0
271.2839,-55.9827,0.0
269.4984,-54.7321,0.0
268.6884,-53.6892,0.0
271.7901,-53.4709,0.0
272.9385,-52.8067,0.0
270.1559,-51.3884,0.0
270.3072,-50.5866,0.0
269.4813,-49.5563,0.0
270.6197,-48.8872,0.0
270.7636,-48.0841,0.0
268.943,-46.8897,0.0
271.0604,-46.3819,0.0
269.2244,-45.246,0.0
272.3253,-44.8879,0.0
271.4778,-43.8726,0.0
271.6068,-43.0669,0.0
271.7407,-42.2134,0.0
268.9061,-40.9083,0.0
270.0154,-40.2577,0.0
269.151,-39.2649,0.0
269.273,-38.4191,0.0
269.3858,-37.62,0.0
270.4935,-36.9087,0.0
269.6106,-35.9737,0.0
269.7223,-35.1266,0.0
268.8393,-34.153,0.0
268.9395,-33.3552,0.0
272.0213,-32.87,0.0
269.1437,-31.6647,0.0
269.2365,-30.866,0.0
271.3198,-30.2416,0.0
268.4309,-29.0661,0.0
268.516,-28.2696,0.0
269.5983,-27.5274,0.0
269.6834,-26.6803,0.0
268.766,-25.7845,0.0
268.8457,-24.9401,0.0
269.9187,-24.1846,0.0
269.9893,-23.3836,0.0
270.0614,-22.5353,0.0
269.1341,-21.6067,0.0
269.197,-20.8081,0.0
268.2638,-19.8884,0.0
268.3249,-19.0455,0.0
269.378,-18.3171,0.0
269.4342,-17.4707,0.0
268.4896,-16.5626,0.0
269.5359,-15.8246,0.0
268.5858,-14.9222,0.0
267.6327,-14.026,0.0
266.6744,-13.1825,0.0
268.7123,-12.4371,0.0
269.7491,-11.636,0.0
268.7833,-10.7955,0.0
267.8166,-9.914,0.0
267.8464,-9.0726,0.0
269.8712,-8.3396,0.0
267.8968,-7.4362,0.0
270.9179,-6.6684,0.0
268.937,-5.8213,0.0
269.9538,-4.9948,0.0
270.968,-4.1621,0.0
267.9794,-3.3209,0.0
269.9884,-2.4975,0.0
267.995,-1.6371,0.0
266.9987,-0.8388,0.0
